1992	ARGENTINA	1038885737771
1992	BRAZIL	1032714537844
1992	CANADA	1035070438053
1992	PERU	1034450405087
1992	UNITED STATES	1030494939916
1993	ARGENTINA	1033124245163
1993	BRAZIL	1033204367612
1993	CANADA	1031406835617
1993	PERU	1032294488942
1993	UNITED STATES	1029052180510
1994	ARGENTINA	1037133588871
1994	BRAZIL	1027206519417
1994	CANADA	1035435150897
1994	PERU	1031274274571
1994	UNITED STATES	1035495227207
1995	ARGENTINA	1038214229861
1995	BRAZIL	1025301522097
1995	CANADA	1034858376280
1995	PERU	1027456493604
1995	UNITED STATES	1030518086643
1996	ARGENTINA	1030441671311
1996	BRAZIL	1031676166911
1996	CANADA	1036229859056
1996	PERU	1032245302300
1996	UNITED STATES	1034488431807
1997	ARGENTINA	1037547565636
1997	BRAZIL	1032424916358
1997	CANADA	1035991273368
1997	PERU	1033811334773
1997	UNITED STATES	1030285932976
1998	ARGENTINA	606214949899
1998	BRAZIL	603053812911
1998	CANADA	605600414593
1998	PERU	603322630615
1998	UNITED STATES	602884465099
